orden_id,fecha_emision,sku,proveedor,cantidad_solicitada,cantidad_recibida,precio_unitario,monto_total,lead_time_esperado,lead_time_real,fecha_entrega_esperada,fecha_entrega_real,estado,cumplimiento_cantidad
OC-00001,2023-01-01,SKU-1019,Pfizer,351,303,2430.01,852933.51,8,15.0,2023-01-09,2023-01-16,completada,False
OC-00002,2023-01-05,SKU-1023,Investi,317,317,470.95,149291.15,14,14.0,2023-01-19,2023-01-19,completada,True
OC-00003,2023-01-05,SKU-1031,Bagó,295,295,1324.26,390656.7,9,9.0,2023-01-14,2023-01-14,completada,True
OC-00004,2023-01-06,SKU-1017,Roemmers,449,449,194.02,87114.98,5,5.0,2023-01-11,2023-01-11,completada,True
OC-00005,2023-01-06,SKU-1010,Roemmers,339,339,587.01,198996.39,2,2.0,2023-01-08,2023-01-08,completada,True
OC-00006,2023-01-06,SKU-1029,Bagó,360,360,623.77,224557.2,4,4.0,2023-01-10,2023-01-10,completada,True
OC-00007,2023-01-07,SKU-1008,Bagó,477,477,1680.26,801484.02,4,4.0,2023-01-11,2023-01-11,completada,True
OC-00008,2023-01-07,SKU-1030,Bayer,222,222,1792.98,398041.56,9,9.0,2023-01-16,2023-01-16,completada,True
OC-00009,2023-01-08,SKU-1037,Bayer,208,208,1152.38,239695.04,6,6.0,2023-01-14,2023-01-14,completada,True
OC-00010,2023-01-08,SKU-1017,Roemmers,67,67,194.02,12999.34,4,4.0,2023-01-12,2023-01-12,completada,True
OC-00011,2023-01-08,SKU-1028,MK Pharma,317,317,2488.26,788778.42,14,14.0,2023-01-22,2023-01-22,completada,True
OC-00012,2023-01-10,SKU-1002,Bagó,120,120,306.74,36808.8,4,4.0,2023-01-14,2023-01-14,completada,True
OC-00013,2023-01-17,SKU-1014,Roemmers,84,84,1037.43,87144.12,4,4.0,2023-01-21,2023-01-21,completada,True
OC-00014,2023-01-17,SKU-1030,Bayer,423,423,1792.98,758430.54,7,7.0,2023-01-24,2023-01-24,completada,True
OC-00015,2023-01-17,SKU-1031,Bagó,128,128,1324.26,169505.28,5,5.0,2023-01-22,2023-01-22,completada,True
OC-00016,2023-01-17,SKU-1023,Investi,406,374,470.95,191205.7,25,27.0,2023-02-11,2023-02-13,completada,False
OC-00017,2023-01-18,SKU-1022,Roemmers,137,137,2186.65,299571.05,6,6.0,2023-01-24,2023-01-24,completada,True
OC-00018,2023-01-18,SKU-1014,Roemmers,313,313,1037.43,324715.59,2,2.0,2023-01-20,2023-01-20,completada,True
OC-00019,2023-01-30,SKU-1030,Bayer,109,109,1792.98,195434.82,1,1.0,2023-01-31,2023-01-31,completada,True
OC-00020,2023-01-30,SKU-1014,Roemmers,292,292,1037.43,302929.56,5,5.0,2023-02-04,2023-02-04,completada,True
OC-00021,2023-02-01,SKU-1029,Bagó,424,407,623.77,264478.48,5,9.0,2023-02-06,2023-02-10,completada,False
OC-00022,2023-02-01,SKU-1030,Bayer,158,123,1792.98,283290.84,6,13.0,2023-02-07,2023-02-14,completada,False
OC-00023,2023-02-03,SKU-1033,Investi,427,427,540.79,230917.33,16,16.0,2023-02-19,2023-02-19,completada,True
OC-00024,2023-02-03,SKU-1010,Roemmers,385,385,587.01,225998.85,6,6.0,2023-02-09,2023-02-09,completada,True
OC-00025,2023-02-03,SKU-1034,Bayer,284,284,1210.2,343696.8,5,5.0,2023-02-08,2023-02-08,completada,True
OC-00026,2023-02-03,SKU-1020,Elea,322,322,725.72,233681.84,6,6.0,2023-02-09,2023-02-09,completada,True
OC-00027,2023-02-04,SKU-1021,Roemmers,442,442,1178.01,520680.42,5,5.0,2023-02-09,2023-02-09,completada,True
OC-00028,2023-02-05,SKU-1012,Investi,98,98,1957.92,191876.16,14,14.0,2023-02-19,2023-02-19,completada,True
OC-00029,2023-02-05,SKU-1004,Investi,220,161,1102.73,242600.6,16,22.0,2023-02-21,2023-02-27,completada,False
OC-00030,2023-02-05,SKU-1029,Bagó,214,214,623.77,133486.78,9,9.0,2023-02-14,2023-02-14,completada,True
OC-00031,2023-02-05,SKU-1032,Bagó,282,282,1830.51,516203.82,10,10.0,2023-02-15,2023-02-15,completada,True
OC-00032,2023-02-05,SKU-1036,MK Pharma,325,325,1165.64,378833.0,23,23.0,2023-02-28,2023-02-28,completada,True
OC-00033,2023-02-09,SKU-1018,MK Pharma,324,324,233.74,75731.76,3,3.0,2023-02-12,2023-02-12,completada,True
OC-00034,2023-02-09,SKU-1014,Roemmers,143,143,1037.43,148352.49,6,6.0,2023-02-15,2023-02-15,completada,True
OC-00035,2023-02-09,SKU-1038,Roemmers,442,442,2103.19,929609.98,6,6.0,2023-02-15,2023-02-15,completada,True
OC-00036,2023-02-09,SKU-1034,Bayer,499,499,1210.2,603889.8,10,10.0,2023-02-19,2023-02-19,completada,True
OC-00037,2023-02-10,SKU-1039,Roemmers,411,411,1244.89,511649.79,5,5.0,2023-02-15,2023-02-15,completada,True
OC-00038,2023-02-10,SKU-1006,Pfizer,496,496,1191.81,591137.76,10,10.0,2023-02-20,2023-02-20,completada,True
OC-00039,2023-02-17,SKU-1031,Bagó,450,450,1324.26,595917.0,8,8.0,2023-02-25,2023-02-25,completada,True
OC-00040,2023-02-17,SKU-1029,Bagó,372,372,623.77,232042.44,7,7.0,2023-02-24,2023-02-24,completada,True
OC-00041,2023-02-17,SKU-1037,Bayer,323,323,1152.38,372218.74,6,6.0,2023-02-23,2023-02-23,completada,True
OC-00042,2023-02-22,SKU-1013,Bagó,138,115,240.18,33144.84,4,8.0,2023-02-26,2023-03-02,completada,False
OC-00043,2023-02-22,SKU-1007,Bagó,209,209,2087.16,436216.44,5,5.0,2023-02-27,2023-02-27,completada,True
OC-00044,2023-02-23,SKU-1003,Bayer,450,450,1398.76,629442.0,7,7.0,2023-03-02,2023-03-02,completada,True
OC-00045,2023-02-23,SKU-1024,Bagó,145,145,350.72,50854.4,8,8.0,2023-03-03,2023-03-03,completada,True
OC-00046,2023-02-23,SKU-1013,Bagó,189,142,240.18,45394.02,3,4.0,2023-02-26,2023-02-27,completada,False
OC-00047,2023-02-23,SKU-1022,Roemmers,89,89,2186.65,194611.85,4,4.0,2023-02-27,2023-02-27,completada,True
OC-00048,2023-02-24,SKU-1016,MK Pharma,408,408,956.03,390060.24,6,6.0,2023-03-02,2023-03-02,completada,True
OC-00049,2023-02-24,SKU-1012,Investi,166,166,1957.92,325014.72,14,14.0,2023-03-10,2023-03-10,completada,True
OC-00050,2023-02-24,SKU-1026,Roemmers,306,306,1369.15,418959.9,4,4.0,2023-02-28,2023-02-28,completada,True
OC-00051,2023-02-24,SKU-1026,Roemmers,116,116,1369.15,158821.4,5,5.0,2023-03-01,2023-03-01,completada,True
OC-00052,2023-02-24,SKU-1032,Bagó,174,174,1830.51,318508.74,4,4.0,2023-02-28,2023-02-28,completada,True
OC-00053,2023-02-26,SKU-1013,Bagó,347,347,240.18,83342.46,5,5.0,2023-03-03,2023-03-03,completada,True
OC-00054,2023-02-26,SKU-1036,MK Pharma,220,163,1165.64,256440.8,11,18.0,2023-03-09,2023-03-16,completada,False
OC-00055,2023-02-26,SKU-1028,MK Pharma,237,237,2488.26,589717.62,14,14.0,2023-03-12,2023-03-12,completada,True
OC-00056,2023-02-26,SKU-1001,Gador,317,317,1862.26,590336.42,9,9.0,2023-03-07,2023-03-07,completada,True
OC-00057,2023-02-26,SKU-1013,Bagó,303,303,240.18,72774.54,8,8.0,2023-03-06,2023-03-06,completada,True
OC-00058,2023-03-14,SKU-1000,Bagó,494,494,1627.41,803940.54,7,7.0,2023-03-21,2023-03-21,completada,True
OC-00059,2023-03-14,SKU-1034,Bayer,243,243,1210.2,294078.6,7,7.0,2023-03-21,2023-03-21,completada,True
OC-00060,2023-03-14,SKU-1023,Investi,420,322,470.95,197799.0,9,12.0,2023-03-23,2023-03-26,completada,False
OC-00061,2023-03-14,SKU-1028,MK Pharma,136,136,2488.26,338403.36,13,13.0,2023-03-27,2023-03-27,completada,True
OC-00062,2023-03-15,SKU-1032,Bagó,406,406,1830.51,743187.06,4,4.0,2023-03-19,2023-03-19,completada,True
OC-00063,2023-03-15,SKU-1035,Bagó,447,447,901.11,402796.17,4,4.0,2023-03-19,2023-03-19,completada,True
OC-00064,2023-03-16,SKU-1005,Elea,333,333,999.42,332806.86,9,9.0,2023-03-25,2023-03-25,completada,True
OC-00065,2023-03-16,SKU-1002,Bagó,328,328,306.74,100610.72,3,3.0,2023-03-19,2023-03-19,completada,True
OC-00066,2023-03-17,SKU-1022,Roemmers,344,344,2186.65,752207.6,6,6.0,2023-03-23,2023-03-23,completada,True
OC-00067,2023-03-19,SKU-1007,Bagó,68,68,2087.16,141926.88,4,4.0,2023-03-23,2023-03-23,completada,True
OC-00068,2023-03-20,SKU-1039,Roemmers,50,50,1244.89,62244.5,6,6.0,2023-03-26,2023-03-26,completada,True
OC-00069,2023-03-20,SKU-1031,Bagó,428,428,1324.26,566783.28,7,7.0,2023-03-27,2023-03-27,completada,True
OC-00070,2023-03-20,SKU-1020,Elea,68,68,725.72,49348.96,8,8.0,2023-03-28,2023-03-28,completada,True
OC-00071,2023-03-21,SKU-1003,Bayer,204,204,1398.76,285347.04,6,6.0,2023-03-27,2023-03-27,completada,True
OC-00072,2023-03-21,SKU-1023,Investi,174,174,470.95,81945.3,11,11.0,2023-04-01,2023-04-01,completada,True
OC-00073,2023-03-21,SKU-1009,Roemmers,383,335,752.7,288284.1,5,7.0,2023-03-26,2023-03-28,completada,False
OC-00074,2023-03-21,SKU-1011,Bagó,477,477,672.44,320753.88,8,8.0,2023-03-29,2023-03-29,completada,True
OC-00075,2023-03-22,SKU-1032,Bagó,75,75,1830.51,137288.25,8,8.0,2023-03-30,2023-03-30,completada,True
OC-00076,2023-03-23,SKU-1007,Bagó,485,394,2087.16,1012272.6,3,5.0,2023-03-26,2023-03-28,completada,False
OC-00077,2023-03-23,SKU-1031,Bagó,467,467,1324.26,618429.42,5,5.0,2023-03-28,2023-03-28,completada,True
OC-00078,2023-03-23,SKU-1027,Bagó,66,66,2191.29,144625.14,7,7.0,2023-03-30,2023-03-30,completada,True
OC-00079,2023-03-23,SKU-1027,Bagó,182,182,2191.29,398814.78,9,9.0,2023-04-01,2023-04-01,completada,True
OC-00080,2023-03-24,SKU-1033,Investi,118,118,540.79,63813.22,12,12.0,2023-04-05,2023-04-05,completada,True
OC-00081,2023-03-24,SKU-1028,MK Pharma,483,483,2488.26,1201829.58,9,9.0,2023-04-02,2023-04-02,completada,True
OC-00082,2023-03-24,SKU-1001,Gador,461,461,1862.26,858501.86,7,7.0,2023-03-31,2023-03-31,completada,True
OC-00083,2023-03-24,SKU-1021,Roemmers,222,222,1178.01,261518.22,6,6.0,2023-03-30,2023-03-30,completada,True
OC-00084,2023-03-25,SKU-1019,Pfizer,357,357,2430.01,867513.57,6,6.0,2023-03-31,2023-03-31,completada,True
OC-00085,2023-03-26,SKU-1025,MK Pharma,285,285,2204.78,628362.3,18,18.0,2023-04-13,2023-04-13,completada,True
OC-00086,2023-03-26,SKU-1016,MK Pharma,239,239,956.03,228491.17,10,10.0,2023-04-05,2023-04-05,completada,True
OC-00087,2023-03-26,SKU-1022,Roemmers,492,492,2186.65,1075831.8,4,4.0,2023-03-30,2023-03-30,completada,True
OC-00088,2023-03-26,SKU-1012,Investi,113,113,1957.92,221244.96,22,22.0,2023-04-17,2023-04-17,completada,True
OC-00089,2023-03-28,SKU-1018,MK Pharma,210,210,233.74,49085.4,1,1.0,2023-03-29,2023-03-29,completada,True
OC-00090,2023-03-28,SKU-1013,Bagó,269,191,240.18,64608.42,3,6.0,2023-03-31,2023-04-03,completada,False
OC-00091,2023-03-28,SKU-1030,Bayer,392,392,1792.98,702848.16,7,7.0,2023-04-04,2023-04-04,completada,True
OC-00092,2023-03-28,SKU-1010,Roemmers,255,255,587.01,149687.55,6,6.0,2023-04-03,2023-04-03,completada,True
OC-00093,2023-04-01,SKU-1020,Elea,261,261,725.72,189412.92,6,6.0,2023-04-07,2023-04-07,completada,True
OC-00094,2023-04-01,SKU-1003,Bayer,155,155,1398.76,216807.8,7,7.0,2023-04-08,2023-04-08,completada,True
OC-00095,2023-04-01,SKU-1019,Pfizer,366,319,2430.01,889383.66,5,6.0,2023-04-06,2023-04-07,completada,False
OC-00096,2023-04-01,SKU-1001,Gador,122,122,1862.26,227195.72,4,4.0,2023-04-05,2023-04-05,completada,True
OC-00097,2023-04-03,SKU-1010,Roemmers,431,431,587.01,253001.31,3,3.0,2023-04-06,2023-04-06,completada,True
OC-00098,2023-04-03,SKU-1001,Gador,443,443,1862.26,824981.18,5,5.0,2023-04-08,2023-04-08,completada,True
OC-00099,2023-04-08,SKU-1007,Bagó,318,318,2087.16,663716.88,7,7.0,2023-04-15,2023-04-15,completada,True
OC-00100,2023-04-10,SKU-1002,Bagó,169,169,306.74,51839.06,4,4.0,2023-04-14,2023-04-14,completada,True
OC-00101,2023-04-10,SKU-1002,Bagó,85,85,306.74,26072.9,2,2.0,2023-04-12,2023-04-12,completada,True
OC-00102,2023-04-10,SKU-1039,Roemmers,348,348,1244.89,433221.72,4,4.0,2023-04-14,2023-04-14,completada,True
OC-00103,2023-04-12,SKU-1007,Bagó,328,328,2087.16,684588.48,6,6.0,2023-04-18,2023-04-18,completada,True
OC-00104,2023-04-12,SKU-1033,Investi,418,418,540.79,226050.22,8,8.0,2023-04-20,2023-04-20,completada,True
OC-00105,2023-04-19,SKU-1012,Investi,398,377,1957.92,779252.16,17,23.0,2023-05-06,2023-05-12,completada,False
OC-00106,2023-04-19,SKU-1033,Investi,83,83,540.79,44885.57,16,16.0,2023-05-05,2023-05-05,completada,True
OC-00107,2023-04-19,SKU-1014,Roemmers,160,160,1037.43,165988.8,5,5.0,2023-04-24,2023-04-24,completada,True
OC-00108,2023-04-23,SKU-1019,Pfizer,305,305,2430.01,741153.05,9,9.0,2023-05-02,2023-05-02,completada,True
OC-00109,2023-04-23,SKU-1016,MK Pharma,125,125,956.03,119503.75,13,13.0,2023-05-06,2023-05-06,completada,True
OC-00110,2023-04-26,SKU-1020,Elea,381,381,725.72,276499.32,9,9.0,2023-05-05,2023-05-05,completada,True
OC-00111,2023-04-26,SKU-1005,Elea,341,341,999.42,340802.22,9,9.0,2023-05-05,2023-05-05,completada,True
OC-00112,2023-04-29,SKU-1023,Investi,360,360,470.95,169542.0,16,16.0,2023-05-15,2023-05-15,completada,True
OC-00113,2023-04-29,SKU-1009,Roemmers,479,479,752.7,360543.3,3,3.0,2023-05-02,2023-05-02,completada,True
OC-00114,2023-04-30,SKU-1034,Bayer,474,474,1210.2,573634.8,9,9.0,2023-05-09,2023-05-09,completada,True
OC-00115,2023-04-30,SKU-1015,Gador,68,68,676.84,46025.12,6,6.0,2023-05-06,2023-05-06,completada,True
OC-00116,2023-04-30,SKU-1009,Roemmers,460,460,752.7,346242.0,6,6.0,2023-05-06,2023-05-06,completada,True
OC-00117,2023-05-16,SKU-1003,Bayer,235,235,1398.76,328708.6,10,10.0,2023-05-26,2023-05-26,completada,True
OC-00118,2023-05-16,SKU-1035,Bagó,435,435,901.11,391982.85,7,7.0,2023-05-23,2023-05-23,completada,True
OC-00119,2023-05-16,SKU-1028,MK Pharma,256,256,2488.26,636994.56,12,12.0,2023-05-28,2023-05-28,completada,True
OC-00120,2023-05-16,SKU-1028,MK Pharma,142,142,2488.26,353332.92,4,4.0,2023-05-20,2023-05-20,completada,True
OC-00121,2023-05-17,SKU-1018,MK Pharma,380,380,233.74,88821.2,8,8.0,2023-05-25,2023-05-25,completada,True
OC-00122,2023-05-17,SKU-1030,Bayer,437,437,1792.98,783532.26,2,2.0,2023-05-19,2023-05-19,completada,True
OC-00123,2023-05-17,SKU-1007,Bagó,91,91,2087.16,189931.56,4,4.0,2023-05-21,2023-05-21,completada,True
OC-00124,2023-05-18,SKU-1000,Bagó,155,155,1627.41,252248.55,3,3.0,2023-05-21,2023-05-21,completada,True
OC-00125,2023-05-19,SKU-1000,Bagó,467,467,1627.41,760000.47,9,9.0,2023-05-28,2023-05-28,completada,True
OC-00126,2023-05-21,SKU-1007,Bagó,396,396,2087.16,826515.36,4,4.0,2023-05-25,2023-05-25,completada,True
OC-00127,2023-05-28,SKU-1033,Investi,296,296,540.79,160073.84,7,7.0,2023-06-04,2023-06-04,completada,True
OC-00128,2023-05-28,SKU-1010,Roemmers,217,217,587.01,127381.17,3,3.0,2023-05-31,2023-05-31,completada,True
OC-00129,2023-05-28,SKU-1021,Roemmers,314,314,1178.01,369895.14,4,4.0,2023-06-01,2023-06-01,completada,True
OC-00130,2023-05-28,SKU-1015,Gador,385,317,676.84,260583.4,5,11.0,2023-06-02,2023-06-08,completada,False
OC-00131,2023-05-28,SKU-1013,Bagó,485,485,240.18,116487.3,5,5.0,2023-06-02,2023-06-02,completada,True
OC-00132,2023-06-05,SKU-1023,Investi,179,179,470.95,84300.05,12,12.0,2023-06-17,2023-06-17,completada,True
OC-00133,2023-06-05,SKU-1028,MK Pharma,304,304,2488.26,756431.04,15,15.0,2023-06-20,2023-06-20,completada,True
OC-00134,2023-06-05,SKU-1012,Investi,301,301,1957.92,589333.92,19,19.0,2023-06-24,2023-06-24,completada,True
OC-00135,2023-06-05,SKU-1020,Elea,324,324,725.72,235133.28,5,5.0,2023-06-10,2023-06-10,completada,True
OC-00136,2023-06-05,SKU-1029,Bagó,172,172,623.77,107288.44,5,5.0,2023-06-10,2023-06-10,completada,True
OC-00137,2023-06-08,SKU-1011,Bagó,71,71,672.44,47743.24,9,9.0,2023-06-17,2023-06-17,completada,True
OC-00138,2023-06-08,SKU-1012,Investi,348,348,1957.92,681356.16,15,15.0,2023-06-23,2023-06-23,completada,True
OC-00139,2023-06-12,SKU-1004,Investi,230,190,1102.73,253627.9,12,14.0,2023-06-24,2023-06-26,completada,False
OC-00140,2023-06-12,SKU-1003,Bayer,244,244,1398.76,341297.44,8,8.0,2023-06-20,2023-06-20,completada,True
OC-00141,2023-06-15,SKU-1029,Bagó,160,160,623.77,99803.2,2,2.0,2023-06-17,2023-06-17,completada,True
OC-00142,2023-06-15,SKU-1021,Roemmers,415,415,1178.01,488874.15,4,4.0,2023-06-19,2023-06-19,completada,True
OC-00143,2023-06-16,SKU-1011,Bagó,413,413,672.44,277717.72,5,5.0,2023-06-21,2023-06-21,completada,True
OC-00144,2023-06-23,SKU-1021,Roemmers,207,207,1178.01,243848.07,3,3.0,2023-06-26,2023-06-26,completada,True
OC-00145,2023-06-24,SKU-1036,MK Pharma,78,78,1165.64,90919.92,9,9.0,2023-07-03,2023-07-03,completada,True
OC-00146,2023-06-24,SKU-1031,Bagó,265,265,1324.26,350928.9,6,6.0,2023-06-30,2023-06-30,completada,True
OC-00147,2023-06-25,SKU-1030,Bayer,98,98,1792.98,175712.04,5,5.0,2023-06-30,2023-06-30,completada,True
OC-00148,2023-06-25,SKU-1037,Bayer,251,251,1152.38,289247.38,6,6.0,2023-07-01,2023-07-01,completada,True
OC-00149,2023-06-25,SKU-1008,Bagó,344,344,1680.26,578009.44,11,11.0,2023-07-06,2023-07-06,completada,True
OC-00150,2023-06-26,SKU-1016,MK Pharma,287,287,956.03,274380.61,15,15.0,2023-07-11,2023-07-11,completada,True
OC-00151,2023-06-30,SKU-1026,Roemmers,378,378,1369.15,517538.7,5,5.0,2023-07-05,2023-07-05,completada,True
OC-00152,2023-06-30,SKU-1000,Bagó,308,308,1627.41,501242.28,1,1.0,2023-07-01,2023-07-01,completada,True
OC-00153,2023-06-30,SKU-1000,Bagó,329,329,1627.41,535417.89,4,4.0,2023-07-04,2023-07-04,completada,True
OC-00154,2023-06-30,SKU-1005,Elea,163,163,999.42,162905.46,6,6.0,2023-07-06,2023-07-06,completada,True
OC-00155,2023-07-05,SKU-1030,Bayer,331,331,1792.98,593476.38,7,7.0,2023-07-12,2023-07-12,completada,True
OC-00156,2023-07-05,SKU-1027,Bagó,52,52,2191.29,113947.08,6,6.0,2023-07-11,2023-07-11,completada,True
OC-00157,2023-07-05,SKU-1014,Roemmers,440,440,1037.43,456469.2,5,5.0,2023-07-10,2023-07-10,completada,True
OC-00158,2023-07-09,SKU-1028,MK Pharma,203,203,2488.26,505116.78,19,19.0,2023-07-28,2023-07-28,completada,True
OC-00159,2023-07-09,SKU-1039,Roemmers,499,499,1244.89,621200.11,5,5.0,2023-07-14,2023-07-14,completada,True
OC-00160,2023-07-09,SKU-1032,Bagó,196,196,1830.51,358779.96,5,5.0,2023-07-14,2023-07-14,completada,True
OC-00161,2023-07-09,SKU-1000,Bagó,339,339,1627.41,551691.99,8,8.0,2023-07-17,2023-07-17,completada,True
OC-00162,2023-07-16,SKU-1012,Investi,125,103,1957.92,244740.0,9,14.0,2023-07-25,2023-07-30,completada,False
OC-00163,2023-07-16,SKU-1039,Roemmers,218,218,1244.89,271386.02,5,5.0,2023-07-21,2023-07-21,completada,True
OC-00164,2023-07-16,SKU-1034,Bayer,227,227,1210.2,274715.4,5,5.0,2023-07-21,2023-07-21,completada,True
OC-00165,2023-07-18,SKU-1003,Bayer,404,350,1398.76,565099.04,8,14.0,2023-07-26,2023-08-01,completada,False
OC-00166,2023-07-21,SKU-1028,MK Pharma,52,52,2488.26,129389.52,11,11.0,2023-08-01,2023-08-01,completada,True
OC-00167,2023-07-21,SKU-1019,Pfizer,206,206,2430.01,500582.06,7,7.0,2023-07-28,2023-07-28,completada,True
OC-00168,2023-07-21,SKU-1016,MK Pharma,455,455,956.03,434993.65,10,10.0,2023-07-31,2023-07-31,completada,True
OC-00169,2023-07-21,SKU-1020,Elea,193,143,725.72,140063.96,7,8.0,2023-07-28,2023-07-29,completada,False
OC-00170,2023-07-21,SKU-1012,Investi,325,325,1957.92,636324.0,18,18.0,2023-08-08,2023-08-08,completada,True
OC-00171,2023-07-22,SKU-1010,Roemmers,367,367,587.01,215432.67,3,3.0,2023-07-25,2023-07-25,completada,True
OC-00172,2023-07-23,SKU-1014,Roemmers,206,206,1037.43,213710.58,6,6.0,2023-07-29,2023-07-29,completada,True
OC-00173,2023-07-23,SKU-1017,Roemmers,437,437,194.02,84786.74,4,4.0,2023-07-27,2023-07-27,completada,True
OC-00174,2023-07-23,SKU-1006,Pfizer,291,291,1191.81,346816.71,12,12.0,2023-08-04,2023-08-04,completada,True
OC-00175,2023-07-23,SKU-1038,Roemmers,197,197,2103.19,414328.43,5,5.0,2023-07-28,2023-07-28,completada,True
OC-00176,2023-07-25,SKU-1006,Pfizer,352,352,1191.81,419517.12,10,10.0,2023-08-04,2023-08-04,completada,True
OC-00177,2023-07-27,SKU-1019,Pfizer,453,453,2430.01,1100794.53,10,10.0,2023-08-06,2023-08-06,completada,True
OC-00178,2023-07-29,SKU-1028,MK Pharma,102,102,2488.26,253802.52,14,14.0,2023-08-12,2023-08-12,completada,True
OC-00179,2023-08-01,SKU-1002,Bagó,125,125,306.74,38342.5,2,2.0,2023-08-03,2023-08-03,completada,True
OC-00180,2023-08-02,SKU-1017,Roemmers,447,447,194.02,86726.94,6,6.0,2023-08-08,2023-08-08,completada,True
OC-00181,2023-08-03,SKU-1025,MK Pharma,225,225,2204.78,496075.5,10,10.0,2023-08-13,2023-08-13,completada,True
OC-00182,2023-08-03,SKU-1023,Investi,425,382,470.95,200153.75,18,24.0,2023-08-21,2023-08-27,completada,False
OC-00183,2023-08-03,SKU-1030,Bayer,225,225,1792.98,403420.5,5,5.0,2023-08-08,2023-08-08,completada,True
OC-00184,2023-08-03,SKU-1039,Roemmers,188,188,1244.89,234039.32,6,6.0,2023-08-09,2023-08-09,completada,True
OC-00185,2023-08-03,SKU-1000,Bagó,104,104,1627.41,169250.64,4,4.0,2023-08-07,2023-08-07,completada,True
OC-00186,2023-08-07,SKU-1033,Investi,397,320,540.79,214693.63,13,15.0,2023-08-20,2023-08-22,completada,False
OC-00187,2023-08-07,SKU-1005,Elea,150,150,999.42,149913.0,4,4.0,2023-08-11,2023-08-11,completada,True
OC-00188,2023-08-07,SKU-1038,Roemmers,112,112,2103.19,235557.28,4,4.0,2023-08-11,2023-08-11,completada,True
OC-00189,2023-08-08,SKU-1014,Roemmers,417,417,1037.43,432608.31,6,6.0,2023-08-14,2023-08-14,completada,True
OC-00190,2023-08-08,SKU-1025,MK Pharma,54,54,2204.78,119058.12,6,6.0,2023-08-14,2023-08-14,completada,True
OC-00191,2023-08-08,SKU-1019,Pfizer,86,86,2430.01,208980.86,11,11.0,2023-08-19,2023-08-19,completada,True
OC-00192,2023-08-10,SKU-1037,Bayer,337,337,1152.38,388352.06,4,4.0,2023-08-14,2023-08-14,completada,True
OC-00193,2023-08-10,SKU-1011,Bagó,383,272,672.44,257544.52,6,8.0,2023-08-16,2023-08-18,completada,False
OC-00194,2023-08-10,SKU-1028,MK Pharma,383,383,2488.26,953003.58,9,9.0,2023-08-19,2023-08-19,completada,True
OC-00195,2023-08-12,SKU-1021,Roemmers,305,305,1178.01,359293.05,5,5.0,2023-08-17,2023-08-17,completada,True
OC-00196,2023-08-12,SKU-1006,Pfizer,117,117,1191.81,139441.77,9,9.0,2023-08-21,2023-08-21,completada,True
OC-00197,2023-08-12,SKU-1016,MK Pharma,310,310,956.03,296369.3,10,10.0,2023-08-22,2023-08-22,completada,True
OC-00198,2023-08-14,SKU-1000,Bagó,428,428,1627.41,696531.48,9,9.0,2023-08-23,2023-08-23,completada,True
OC-00199,2023-08-16,SKU-1027,Bagó,339,339,2191.29,742847.31,6,6.0,2023-08-22,2023-08-22,completada,True
OC-00200,2023-08-22,SKU-1039,Roemmers,292,292,1244.89,363507.88,5,5.0,2023-08-27,2023-08-27,completada,True
OC-00201,2023-08-25,SKU-1036,MK Pharma,287,287,1165.64,334538.68,19,19.0,2023-09-13,2023-09-13,completada,True
OC-00202,2023-08-25,SKU-1028,MK Pharma,261,261,2488.26,649435.86,9,9.0,2023-09-03,2023-09-03,completada,True
OC-00203,2023-08-25,SKU-1019,Pfizer,127,127,2430.01,308611.27,9,9.0,2023-09-03,2023-09-03,completada,True
OC-00204,2023-08-27,SKU-1039,Roemmers,187,187,1244.89,232794.43,4,4.0,2023-08-31,2023-08-31,completada,True
OC-00205,2023-08-27,SKU-1003,Bayer,313,313,1398.76,437811.88,9,9.0,2023-09-05,2023-09-05,completada,True
OC-00206,2023-08-27,SKU-1014,Roemmers,114,114,1037.43,118267.02,7,7.0,2023-09-03,2023-09-03,completada,True
OC-00207,2023-08-31,SKU-1007,Bagó,66,66,2087.16,137752.56,6,6.0,2023-09-06,2023-09-06,completada,True
OC-00208,2023-08-31,SKU-1009,Roemmers,472,472,752.7,355274.4,5,5.0,2023-09-05,2023-09-05,completada,True
OC-00209,2023-08-31,SKU-1010,Roemmers,495,495,587.01,290569.95,6,6.0,2023-09-06,2023-09-06,completada,True
OC-00210,2023-08-31,SKU-1003,Bayer,149,149,1398.76,208415.24,7,7.0,2023-09-07,2023-09-07,completada,True
OC-00211,2023-08-31,SKU-1025,MK Pharma,349,326,2204.78,769468.22,4,7.0,2023-09-04,2023-09-07,completada,False
OC-00212,2023-09-01,SKU-1037,Bayer,332,332,1152.38,382590.16,8,8.0,2023-09-09,2023-09-09,completada,True
OC-00213,2023-09-01,SKU-1039,Roemmers,450,425,1244.89,560200.5,5,8.0,2023-09-06,2023-09-09,completada,False
OC-00214,2023-09-01,SKU-1015,Gador,349,262,676.84,236217.16,6,8.0,2023-09-07,2023-09-09,completada,False
OC-00215,2023-09-01,SKU-1016,MK Pharma,460,460,956.03,439773.8,12,12.0,2023-09-13,2023-09-13,completada,True
OC-00216,2023-09-01,SKU-1000,Bagó,148,148,1627.41,240856.68,8,8.0,2023-09-09,2023-09-09,completada,True
OC-00217,2023-09-02,SKU-1029,Bagó,255,255,623.77,159061.35,8,8.0,2023-09-10,2023-09-10,completada,True
OC-00218,2023-09-02,SKU-1035,Bagó,411,411,901.11,370356.21,5,5.0,2023-09-07,2023-09-07,completada,True
OC-00219,2023-09-02,SKU-1022,Roemmers,369,369,2186.65,806873.85,3,3.0,2023-09-05,2023-09-05,completada,True
OC-00220,2023-09-02,SKU-1029,Bagó,71,68,623.77,44287.67,7,13.0,2023-09-09,2023-09-15,completada,False
OC-00221,2023-09-02,SKU-1013,Bagó,77,77,240.18,18493.86,6,6.0,2023-09-08,2023-09-08,completada,True
OC-00222,2023-09-03,SKU-1011,Bagó,186,186,672.44,125073.84,7,7.0,2023-09-10,2023-09-10,completada,True
OC-00223,2023-09-03,SKU-1024,Bagó,60,60,350.72,21043.2,4,4.0,2023-09-07,2023-09-07,completada,True
OC-00224,2023-09-03,SKU-1031,Bagó,276,276,1324.26,365495.76,5,5.0,2023-09-08,2023-09-08,completada,True
OC-00225,2023-09-03,SKU-1038,Roemmers,100,100,2103.19,210319.0,6,6.0,2023-09-09,2023-09-09,completada,True
OC-00226,2023-09-03,SKU-1002,Bagó,168,168,306.74,51532.32,6,6.0,2023-09-09,2023-09-09,completada,True
OC-00227,2023-09-04,SKU-1003,Bayer,140,140,1398.76,195826.4,5,5.0,2023-09-09,2023-09-09,completada,True
OC-00228,2023-09-04,SKU-1024,Bagó,318,318,350.72,111528.96,6,6.0,2023-09-10,2023-09-10,completada,True
OC-00229,2023-09-04,SKU-1016,MK Pharma,347,303,956.03,331742.41,15,19.0,2023-09-19,2023-09-23,completada,False
OC-00230,2023-09-04,SKU-1029,Bagó,396,396,623.77,247012.92,4,4.0,2023-09-08,2023-09-08,completada,True
OC-00231,2023-09-04,SKU-1028,MK Pharma,120,96,2488.26,298591.2,19,22.0,2023-09-23,2023-09-26,completada,False
OC-00232,2023-09-07,SKU-1023,Investi,497,497,470.95,234062.15,16,16.0,2023-09-23,2023-09-23,completada,True
OC-00233,2023-09-07,SKU-1025,MK Pharma,153,153,2204.78,337331.34,19,19.0,2023-09-26,2023-09-26,completada,True
OC-00234,2023-09-08,SKU-1034,Bayer,435,435,1210.2,526437.0,6,6.0,2023-09-14,2023-09-14,completada,True
OC-00235,2023-09-08,SKU-1008,Bagó,326,326,1680.26,547764.76,6,6.0,2023-09-14,2023-09-14,completada,True
OC-00236,2023-09-08,SKU-1002,Bagó,150,150,306.74,46011.0,6,6.0,2023-09-14,2023-09-14,completada,True
OC-00237,2023-09-08,SKU-1037,Bayer,122,122,1152.38,140590.36,6,6.0,2023-09-14,2023-09-14,completada,True
OC-00238,2023-09-08,SKU-1035,Bagó,72,72,901.11,64879.92,5,5.0,2023-09-13,2023-09-13,completada,True
OC-00239,2023-09-09,SKU-1024,Bagó,439,439,350.72,153966.08,4,4.0,2023-09-13,2023-09-13,completada,True
OC-00240,2023-09-09,SKU-1010,Roemmers,50,37,587.01,29350.5,4,10.0,2023-09-13,2023-09-19,completada,False
OC-00241,2023-09-09,SKU-1033,Investi,64,64,540.79,34610.56,17,17.0,2023-09-26,2023-09-26,completada,True
OC-00242,2023-09-09,SKU-1032,Bagó,148,148,1830.51,270915.48,5,5.0,2023-09-14,2023-09-14,completada,True
OC-00243,2023-09-14,SKU-1037,Bayer,142,142,1152.38,163637.96,2,2.0,2023-09-16,2023-09-16,completada,True
OC-00244,2023-09-14,SKU-1005,Elea,52,52,999.42,51969.84,8,8.0,2023-09-22,2023-09-22,completada,True
OC-00245,2023-09-14,SKU-1034,Bayer,426,426,1210.2,515545.2,8,8.0,2023-09-22,2023-09-22,completada,True
OC-00246,2023-09-14,SKU-1013,Bagó,283,283,240.18,67970.94,3,3.0,2023-09-17,2023-09-17,completada,True
OC-00247,2023-09-15,SKU-1015,Gador,102,102,676.84,69037.68,6,6.0,2023-09-21,2023-09-21,completada,True
OC-00248,2023-09-16,SKU-1011,Bagó,78,78,672.44,52450.32,8,8.0,2023-09-24,2023-09-24,completada,True
OC-00249,2023-09-16,SKU-1028,MK Pharma,278,278,2488.26,691736.28,11,11.0,2023-09-27,2023-09-27,completada,True
OC-00250,2023-09-17,SKU-1008,Bagó,226,226,1680.26,379738.76,3,3.0,2023-09-20,2023-09-20,completada,True
OC-00251,2023-09-17,SKU-1014,Roemmers,123,123,1037.43,127603.89,3,3.0,2023-09-20,2023-09-20,completada,True
OC-00252,2023-09-17,SKU-1029,Bagó,418,344,623.77,260735.86,3,9.0,2023-09-20,2023-09-26,completada,False
OC-00253,2023-09-17,SKU-1023,Investi,111,111,470.95,52275.45,6,6.0,2023-09-23,2023-09-23,completada,True
OC-00254,2023-09-21,SKU-1018,MK Pharma,247,247,233.74,57733.78,15,15.0,2023-10-06,2023-10-06,completada,True
OC-00255,2023-09-23,SKU-1004,Investi,98,98,1102.73,108067.54,15,15.0,2023-10-08,2023-10-08,completada,True
OC-00256,2023-09-23,SKU-1001,Gador,157,157,1862.26,292374.82,7,7.0,2023-09-30,2023-09-30,completada,True
OC-00257,2023-09-23,SKU-1001,Gador,335,335,1862.26,623857.1,7,7.0,2023-09-30,2023-09-30,completada,True
OC-00258,2023-09-23,SKU-1001,Gador,344,344,1862.26,640617.44,10,10.0,2023-10-03,2023-10-03,completada,True
OC-00259,2023-09-23,SKU-1038,Roemmers,453,453,2103.19,952745.07,3,3.0,2023-09-26,2023-09-26,completada,True
OC-00260,2023-09-26,SKU-1023,Investi,450,419,470.95,211927.5,10,17.0,2023-10-06,2023-10-13,completada,False
OC-00261,2023-09-27,SKU-1005,Elea,328,239,999.42,327809.76,10,15.0,2023-10-07,2023-10-12,completada,False
OC-00262,2023-09-29,SKU-1000,Bagó,279,279,1627.41,454047.39,4,4.0,2023-10-03,2023-10-03,completada,True
OC-00263,2023-10-02,SKU-1013,Bagó,298,298,240.18,71573.64,5,5.0,2023-10-07,2023-10-07,completada,True
OC-00264,2023-10-02,SKU-1002,Bagó,283,283,306.74,86807.42,4,4.0,2023-10-06,2023-10-06,completada,True
OC-00265,2023-10-02,SKU-1033,Investi,491,491,540.79,265527.89,13,13.0,2023-10-15,2023-10-15,completada,True
OC-00266,2023-10-02,SKU-1017,Roemmers,388,388,194.02,75279.76,3,3.0,2023-10-05,2023-10-05,completada,True
OC-00267,2023-10-02,SKU-1019,Pfizer,114,114,2430.01,277021.14,10,10.0,2023-10-12,2023-10-12,completada,True
OC-00268,2023-10-03,SKU-1031,Bagó,267,267,1324.26,353577.42,3,3.0,2023-10-06,2023-10-06,completada,True
OC-00269,2023-10-06,SKU-1009,Roemmers,299,299,752.7,225057.3,4,4.0,2023-10-10,2023-10-10,completada,True
OC-00270,2023-10-06,SKU-1012,Investi,334,281,1957.92,653945.28,10,14.0,2023-10-16,2023-10-20,completada,False
OC-00271,2023-10-06,SKU-1010,Roemmers,269,269,587.01,157905.69,6,6.0,2023-10-12,2023-10-12,completada,True
OC-00272,2023-10-08,SKU-1015,Gador,62,62,676.84,41964.08,8,8.0,2023-10-16,2023-10-16,completada,True
OC-00273,2023-10-08,SKU-1024,Bagó,95,95,350.72,33318.4,4,4.0,2023-10-12,2023-10-12,completada,True
OC-00274,2023-10-08,SKU-1033,Investi,263,263,540.79,142227.77,19,19.0,2023-10-27,2023-10-27,completada,True
OC-00275,2023-10-08,SKU-1039,Roemmers,329,329,1244.89,409568.81,6,6.0,2023-10-14,2023-10-14,completada,True
OC-00276,2023-10-13,SKU-1004,Investi,79,79,1102.73,87115.67,16,16.0,2023-10-29,2023-10-29,completada,True
OC-00277,2023-10-13,SKU-1002,Bagó,249,249,306.74,76378.26,10,10.0,2023-10-23,2023-10-23,completada,True
OC-00278,2023-10-19,SKU-1015,Gador,431,431,676.84,291718.04,9,9.0,2023-10-28,2023-10-28,completada,True
OC-00279,2023-10-19,SKU-1017,Roemmers,170,170,194.02,32983.4,4,4.0,2023-10-23,2023-10-23,completada,True
OC-00280,2023-10-19,SKU-1021,Roemmers,441,441,1178.01,519502.41,6,6.0,2023-10-25,2023-10-25,completada,True
OC-00281,2023-10-19,SKU-1003,Bayer,62,62,1398.76,86723.12,8,8.0,2023-10-27,2023-10-27,completada,True
OC-00282,2023-10-21,SKU-1014,Roemmers,188,188,1037.43,195036.84,5,5.0,2023-10-26,2023-10-26,completada,True
OC-00283,2023-10-21,SKU-1037,Bayer,281,281,1152.38,323818.78,7,7.0,2023-10-28,2023-10-28,completada,True
OC-00284,2023-10-21,SKU-1032,Bagó,126,126,1830.51,230644.26,3,3.0,2023-10-24,2023-10-24,completada,True
OC-00285,2023-10-21,SKU-1033,Investi,251,199,540.79,135738.29,9,11.0,2023-10-30,2023-11-01,completada,False
OC-00286,2023-10-21,SKU-1036,MK Pharma,87,87,1165.64,101410.68,11,11.0,2023-11-01,2023-11-01,completada,True
OC-00287,2023-10-23,SKU-1002,Bagó,373,373,306.74,114414.02,9,9.0,2023-11-01,2023-11-01,completada,True
OC-00288,2023-10-25,SKU-1022,Roemmers,193,193,2186.65,422023.45,3,3.0,2023-10-28,2023-10-28,completada,True
OC-00289,2023-10-25,SKU-1006,Pfizer,310,310,1191.81,369461.1,8,8.0,2023-11-02,2023-11-02,completada,True
OC-00290,2023-10-28,SKU-1012,Investi,272,272,1957.92,532554.24,12,12.0,2023-11-09,2023-11-09,completada,True
OC-00291,2023-10-28,SKU-1011,Bagó,478,478,672.44,321426.32,8,8.0,2023-11-05,2023-11-05,completada,True
OC-00292,2023-10-28,SKU-1004,Investi,272,272,1102.73,299942.56,12,12.0,2023-11-09,2023-11-09,completada,True
OC-00293,2023-11-02,SKU-1014,Roemmers,389,389,1037.43,403560.27,5,5.0,2023-11-07,2023-11-07,completada,True
OC-00294,2023-11-04,SKU-1008,Bagó,406,406,1680.26,682185.56,6,6.0,2023-11-10,2023-11-10,completada,True
OC-00295,2023-11-04,SKU-1009,Roemmers,480,480,752.7,361296.0,5,5.0,2023-11-09,2023-11-09,completada,True
OC-00296,2023-11-04,SKU-1010,Roemmers,388,388,587.01,227759.88,4,4.0,2023-11-08,2023-11-08,completada,True
OC-00297,2023-11-04,SKU-1014,Roemmers,486,486,1037.43,504190.98,3,3.0,2023-11-07,2023-11-07,completada,True
OC-00298,2023-11-05,SKU-1039,Roemmers,238,238,1244.89,296283.82,4,4.0,2023-11-09,2023-11-09,completada,True
OC-00299,2023-11-05,SKU-1008,Bagó,71,71,1680.26,119298.46,7,7.0,2023-11-12,2023-11-12,completada,True
OC-00300,2023-11-05,SKU-1010,Roemmers,144,144,587.01,84529.44,4,4.0,2023-11-09,2023-11-09,completada,True
OC-00301,2023-11-05,SKU-1010,Roemmers,92,92,587.01,54004.92,6,6.0,2023-11-11,2023-11-11,completada,True
OC-00302,2023-11-06,SKU-1010,Roemmers,319,319,587.01,187256.19,5,5.0,2023-11-11,2023-11-11,completada,True
OC-00303,2023-11-06,SKU-1009,Roemmers,369,369,752.7,277746.3,5,5.0,2023-11-11,2023-11-11,completada,True
OC-00304,2023-11-06,SKU-1038,Roemmers,261,261,2103.19,548932.59,4,4.0,2023-11-10,2023-11-10,completada,True
OC-00305,2023-11-06,SKU-1029,Bagó,485,485,623.77,302528.45,6,6.0,2023-11-12,2023-11-12,completada,True
OC-00306,2023-11-07,SKU-1015,Gador,328,328,676.84,222003.52,5,5.0,2023-11-12,2023-11-12,completada,True
OC-00307,2023-11-09,SKU-1031,Bagó,362,276,1324.26,479382.12,7,9.0,2023-11-16,2023-11-18,completada,False
OC-00308,2023-11-09,SKU-1039,Roemmers,446,446,1244.89,555220.94,4,4.0,2023-11-13,2023-11-13,completada,True
OC-00309,2023-11-09,SKU-1032,Bagó,137,137,1830.51,250779.87,3,3.0,2023-11-12,2023-11-12,completada,True
OC-00310,2023-11-09,SKU-1002,Bagó,150,150,306.74,46011.0,5,5.0,2023-11-14,2023-11-14,completada,True
OC-00311,2023-11-09,SKU-1033,Investi,300,284,540.79,162237.0,10,13.0,2023-11-19,2023-11-22,completada,False
OC-00312,2023-11-12,SKU-1034,Bayer,268,268,1210.2,324333.6,10,10.0,2023-11-22,2023-11-22,completada,True
OC-00313,2023-11-12,SKU-1004,Investi,191,191,1102.73,210621.43,16,16.0,2023-11-28,2023-11-28,completada,True
OC-00314,2023-11-12,SKU-1015,Gador,55,55,676.84,37226.2,8,8.0,2023-11-20,2023-11-20,completada,True
OC-00315,2023-11-14,SKU-1019,Pfizer,379,379,2430.01,920973.79,10,10.0,2023-11-24,2023-11-24,completada,True
OC-00316,2023-11-18,SKU-1012,Investi,278,278,1957.92,544301.76,16,16.0,2023-12-04,2023-12-04,completada,True
OC-00317,2023-11-18,SKU-1030,Bayer,463,350,1792.98,830149.74,8,14.0,2023-11-26,2023-12-02,completada,False
OC-00318,2023-11-18,SKU-1025,MK Pharma,271,271,2204.78,597495.38,18,18.0,2023-12-06,2023-12-06,completada,True
OC-00319,2023-11-18,SKU-1022,Roemmers,241,241,2186.65,526982.65,3,3.0,2023-11-21,2023-11-21,completada,True
OC-00320,2023-11-25,SKU-1000,Bagó,324,324,1627.41,527280.84,7,7.0,2023-12-02,2023-12-02,completada,True
OC-00321,2023-11-25,SKU-1002,Bagó,194,194,306.74,59507.56,8,8.0,2023-12-03,2023-12-03,completada,True
OC-00322,2023-11-25,SKU-1003,Bayer,354,354,1398.76,495161.04,9,9.0,2023-12-04,2023-12-04,completada,True
OC-00323,2023-11-25,SKU-1020,Elea,215,215,725.72,156029.8,10,10.0,2023-12-05,2023-12-05,completada,True
OC-00324,2023-11-27,SKU-1009,Roemmers,294,294,752.7,221293.8,3,3.0,2023-11-30,2023-11-30,completada,True
OC-00325,2023-11-28,SKU-1013,Bagó,472,472,240.18,113364.96,3,3.0,2023-12-01,2023-12-01,completada,True
OC-00326,2023-11-29,SKU-1024,Bagó,252,252,350.72,88381.44,8,8.0,2023-12-07,2023-12-07,completada,True
OC-00327,2023-11-29,SKU-1027,Bagó,288,288,2191.29,631091.52,5,5.0,2023-12-04,2023-12-04,completada,True
OC-00328,2023-11-29,SKU-1034,Bayer,135,135,1210.2,163377.0,9,9.0,2023-12-08,2023-12-08,completada,True
OC-00329,2023-11-30,SKU-1024,Bagó,214,214,350.72,75054.08,6,6.0,2023-12-06,2023-12-06,completada,True
OC-00330,2023-12-01,SKU-1028,MK Pharma,315,315,2488.26,783801.9,15,15.0,2023-12-16,2023-12-16,completada,True
OC-00331,2023-12-02,SKU-1014,Roemmers,295,295,1037.43,306041.85,6,6.0,2023-12-08,2023-12-08,completada,True
OC-00332,2023-12-02,SKU-1000,Bagó,407,407,1627.41,662355.87,4,4.0,2023-12-06,2023-12-06,completada,True
OC-00333,2023-12-02,SKU-1003,Bayer,431,431,1398.76,602865.56,7,7.0,2023-12-09,2023-12-09,completada,True
OC-00334,2023-12-02,SKU-1026,Roemmers,57,57,1369.15,78041.55,4,4.0,2023-12-06,2023-12-06,completada,True
OC-00335,2023-12-04,SKU-1012,Investi,139,139,1957.92,272150.88,12,12.0,2023-12-16,2023-12-16,completada,True
OC-00336,2023-12-04,SKU-1011,Bagó,254,254,672.44,170799.76,10,10.0,2023-12-14,2023-12-14,completada,True
OC-00337,2023-12-04,SKU-1028,MK Pharma,69,58,2488.26,171689.94,14,15.0,2023-12-18,2023-12-19,completada,False
OC-00338,2023-12-04,SKU-1008,Bagó,96,96,1680.26,161304.96,6,6.0,2023-12-10,2023-12-10,completada,True
OC-00339,2023-12-04,SKU-1018,MK Pharma,108,77,233.74,25243.92,13,15.0,2023-12-17,2023-12-19,completada,False
OC-00340,2023-12-05,SKU-1014,Roemmers,55,55,1037.43,57058.65,6,6.0,2023-12-11,2023-12-11,completada,True
OC-00341,2023-12-05,SKU-1007,Bagó,342,342,2087.16,713808.72,7,7.0,2023-12-12,2023-12-12,completada,True
OC-00342,2023-12-05,SKU-1008,Bagó,135,135,1680.26,226835.1,7,7.0,2023-12-12,2023-12-12,completada,True
OC-00343,2023-12-05,SKU-1039,Roemmers,372,372,1244.89,463099.08,4,4.0,2023-12-09,2023-12-09,completada,True
OC-00344,2023-12-09,SKU-1036,MK Pharma,431,431,1165.64,502390.84,5,5.0,2023-12-14,2023-12-14,completada,True
OC-00345,2023-12-09,SKU-1025,MK Pharma,75,75,2204.78,165358.5,17,17.0,2023-12-26,2023-12-26,completada,True
OC-00346,2023-12-09,SKU-1035,Bagó,82,82,901.11,73891.02,10,10.0,2023-12-19,2023-12-19,completada,True
OC-00347,2023-12-09,SKU-1011,Bagó,67,67,672.44,45053.48,5,5.0,2023-12-14,2023-12-14,completada,True
OC-00348,2023-12-09,SKU-1007,Bagó,497,497,2087.16,1037318.52,7,7.0,2023-12-16,2023-12-16,completada,True
OC-00349,2023-12-11,SKU-1010,Roemmers,267,267,587.01,156731.67,2,2.0,2023-12-13,2023-12-13,completada,True
OC-00350,2023-12-11,SKU-1002,Bagó,409,409,306.74,125456.66,9,9.0,2023-12-20,2023-12-20,completada,True
OC-00351,2023-12-11,SKU-1004,Investi,92,92,1102.73,101451.16,15,15.0,2023-12-26,2023-12-26,completada,True
OC-00352,2023-12-11,SKU-1006,Pfizer,76,57,1191.81,90577.56,7,9.0,2023-12-18,2023-12-20,completada,False
OC-00353,2023-12-11,SKU-1027,Bagó,327,327,2191.29,716551.83,7,7.0,2023-12-18,2023-12-18,completada,True
OC-00354,2023-12-16,SKU-1004,Investi,142,142,1102.73,156587.66,13,13.0,2023-12-29,2023-12-29,completada,True
OC-00355,2023-12-16,SKU-1006,Pfizer,52,52,1191.81,61974.12,12,12.0,2023-12-28,2023-12-28,completada,True
OC-00356,2023-12-16,SKU-1023,Investi,195,195,470.95,91835.25,12,12.0,2023-12-28,2023-12-28,completada,True
OC-00357,2023-12-16,SKU-1024,Bagó,111,111,350.72,38929.92,3,3.0,2023-12-19,2023-12-19,completada,True
OC-00358,2023-12-16,SKU-1021,Roemmers,467,467,1178.01,550130.67,4,4.0,2023-12-20,2023-12-20,completada,True
OC-00359,2023-12-17,SKU-1034,Bayer,197,197,1210.2,238409.4,8,8.0,2023-12-25,2023-12-25,completada,True
OC-00360,2023-12-17,SKU-1039,Roemmers,50,50,1244.89,62244.5,4,4.0,2023-12-21,2023-12-21,completada,True
OC-00361,2023-12-20,SKU-1008,Bagó,157,131,1680.26,263800.82,4,6.0,2023-12-24,2023-12-26,completada,False
OC-00362,2023-12-20,SKU-1039,Roemmers,440,440,1244.89,547751.6,4,4.0,2023-12-24,2023-12-24,completada,True
OC-00363,2023-12-20,SKU-1024,Bagó,415,415,350.72,145548.8,6,6.0,2023-12-26,2023-12-26,completada,True
OC-00364,2023-12-20,SKU-1030,Bayer,267,267,1792.98,478725.66,3,3.0,2023-12-23,2023-12-23,completada,True
OC-00365,2023-12-20,SKU-1016,MK Pharma,195,177,956.03,186425.85,5,8.0,2023-12-25,2023-12-28,completada,False
OC-00366,2023-12-21,SKU-1019,Pfizer,301,301,2430.01,731433.01,10,10.0,2023-12-31,2023-12-31,completada,True
OC-00367,2023-12-21,SKU-1007,Bagó,419,419,2087.16,874520.04,6,6.0,2023-12-27,2023-12-27,completada,True
OC-00368,2023-12-26,SKU-1035,Bagó,143,143,901.11,128858.73,6,6.0,2024-01-01,2024-01-01,completada,True
OC-00369,2023-12-27,SKU-1033,Investi,451,451,540.79,243896.29,16,16.0,2024-01-12,2024-01-12,completada,True
OC-00370,2023-12-27,SKU-1003,Bayer,239,239,1398.76,334303.64,6,6.0,2024-01-02,2024-01-02,completada,True
OC-00371,2023-12-29,SKU-1001,Gador,459,459,1862.26,854777.34,6,6.0,2024-01-04,2024-01-04,completada,True
OC-00372,2023-12-29,SKU-1012,Investi,431,431,1957.92,843863.52,12,12.0,2024-01-10,2024-01-10,completada,True
OC-00373,2023-12-29,SKU-1027,Bagó,386,386,2191.29,845837.94,4,4.0,2024-01-02,2024-01-02,completada,True
OC-00374,2023-12-29,SKU-1010,Roemmers,312,312,587.01,183147.12,5,5.0,2024-01-03,2024-01-03,completada,True
OC-00375,2023-12-30,SKU-1021,Roemmers,373,373,1178.01,439397.73,6,6.0,2024-01-05,2024-01-05,completada,True
OC-00376,2023-12-30,SKU-1018,MK Pharma,244,244,233.74,57032.56,15,15.0,2024-01-14,2024-01-14,completada,True
OC-00377,2023-12-30,SKU-1021,Roemmers,168,148,1178.01,197905.68,3,9.0,2024-01-02,2024-01-08,completada,False
OC-00378,2023-12-30,SKU-1038,Roemmers,151,151,2103.19,317581.69,6,6.0,2024-01-05,2024-01-05,completada,True
OC-00379,2024-01-11,SKU-1021,Roemmers,327,327,1178.01,385209.27,6,6.0,2024-01-17,2024-01-17,completada,True
OC-00380,2024-01-11,SKU-1030,Bayer,469,469,1792.98,840907.62,9,9.0,2024-01-20,2024-01-20,completada,True
OC-00381,2024-01-14,SKU-1037,Bayer,251,251,1152.38,289247.38,9,9.0,2024-01-23,2024-01-23,completada,True
OC-00382,2024-01-14,SKU-1015,Gador,67,55,676.84,45348.28,5,10.0,2024-01-19,2024-01-24,completada,False
OC-00383,2024-01-15,SKU-1002,Bagó,243,243,306.74,74537.82,4,4.0,2024-01-19,2024-01-19,completada,True
OC-00384,2024-01-15,SKU-1017,Roemmers,176,176,194.02,34147.52,4,4.0,2024-01-19,2024-01-19,completada,True
OC-00385,2024-01-15,SKU-1029,Bagó,425,425,623.77,265102.25,5,5.0,2024-01-20,2024-01-20,completada,True
OC-00386,2024-01-15,SKU-1001,Gador,233,233,1862.26,433906.58,6,6.0,2024-01-21,2024-01-21,completada,True
OC-00387,2024-01-19,SKU-1007,Bagó,313,313,2087.16,653281.08,5,5.0,2024-01-24,2024-01-24,completada,True
OC-00388,2024-01-19,SKU-1015,Gador,240,240,676.84,162441.6,7,7.0,2024-01-26,2024-01-26,completada,True
OC-00389,2024-01-19,SKU-1034,Bayer,253,253,1210.2,306180.6,6,6.0,2024-01-25,2024-01-25,completada,True
OC-00390,2024-01-19,SKU-1016,MK Pharma,342,342,956.03,326962.26,12,12.0,2024-01-31,2024-01-31,completada,True
OC-00391,2024-01-19,SKU-1037,Bayer,293,293,1152.38,337647.34,6,6.0,2024-01-25,2024-01-25,completada,True
OC-00392,2024-01-23,SKU-1019,Pfizer,177,177,2430.01,430111.77,6,6.0,2024-01-29,2024-01-29,completada,True
OC-00393,2024-01-23,SKU-1017,Roemmers,119,119,194.02,23088.38,5,5.0,2024-01-28,2024-01-28,completada,True
OC-00394,2024-01-23,SKU-1017,Roemmers,133,133,194.02,25804.66,5,5.0,2024-01-28,2024-01-28,completada,True
OC-00395,2024-01-23,SKU-1012,Investi,309,309,1957.92,604997.28,9,9.0,2024-02-01,2024-02-01,completada,True
OC-00396,2024-01-25,SKU-1013,Bagó,194,194,240.18,46594.92,1,1.0,2024-01-26,2024-01-26,completada,True
OC-00397,2024-01-25,SKU-1025,MK Pharma,326,277,2204.78,718758.28,16,20.0,2024-02-10,2024-02-14,completada,False
OC-00398,2024-01-25,SKU-1016,MK Pharma,398,398,956.03,380499.94,2,2.0,2024-01-27,2024-01-27,completada,True
OC-00399,2024-01-25,SKU-1037,Bayer,349,294,1152.38,402180.62,7,10.0,2024-02-01,2024-02-04,completada,False
OC-00400,2024-01-25,SKU-1005,Elea,355,355,999.42,354794.1,8,8.0,2024-02-02,2024-02-02,completada,True
OC-00401,2024-01-29,SKU-1036,MK Pharma,479,479,1165.64,558341.56,17,17.0,2024-02-15,2024-02-15,completada,True
OC-00402,2024-01-29,SKU-1025,MK Pharma,402,402,2204.78,886321.56,19,19.0,2024-02-17,2024-02-17,completada,True
OC-00403,2024-01-29,SKU-1028,MK Pharma,491,491,2488.26,1221735.66,15,15.0,2024-02-13,2024-02-13,completada,True
OC-00404,2024-01-29,SKU-1015,Gador,214,214,676.84,144843.76,9,9.0,2024-02-07,2024-02-07,completada,True
OC-00405,2024-01-29,SKU-1007,Bagó,428,428,2087.16,893304.48,9,9.0,2024-02-07,2024-02-07,completada,True
OC-00406,2024-01-30,SKU-1007,Bagó,68,68,2087.16,141926.88,6,6.0,2024-02-05,2024-02-05,completada,True
OC-00407,2024-01-30,SKU-1023,Investi,353,353,470.95,166245.35,13,13.0,2024-02-12,2024-02-12,completada,True
OC-00408,2024-01-30,SKU-1006,Pfizer,135,112,1191.81,160894.35,11,13.0,2024-02-10,2024-02-12,completada,False
OC-00409,2024-01-30,SKU-1032,Bagó,110,110,1830.51,201356.1,7,7.0,2024-02-06,2024-02-06,completada,True
OC-00410,2024-02-07,SKU-1000,Bagó,452,452,1627.41,735589.32,6,6.0,2024-02-13,2024-02-13,completada,True
OC-00411,2024-02-07,SKU-1007,Bagó,153,153,2087.16,319335.48,4,4.0,2024-02-11,2024-02-11,completada,True
OC-00412,2024-02-07,SKU-1009,Roemmers,449,449,752.7,337962.3,5,5.0,2024-02-12,2024-02-12,completada,True
OC-00413,2024-02-07,SKU-1011,Bagó,113,113,672.44,75985.72,8,8.0,2024-02-15,2024-02-15,completada,True
OC-00414,2024-02-08,SKU-1005,Elea,321,321,999.42,320813.82,6,6.0,2024-02-14,2024-02-14,completada,True
OC-00415,2024-02-08,SKU-1015,Gador,107,107,676.84,72421.88,6,6.0,2024-02-14,2024-02-14,completada,True
OC-00416,2024-02-08,SKU-1038,Roemmers,408,408,2103.19,858101.52,4,4.0,2024-02-12,2024-02-12,completada,True
OC-00417,2024-02-08,SKU-1004,Investi,219,219,1102.73,241497.87,16,16.0,2024-02-24,2024-02-24,completada,True
OC-00418,2024-02-08,SKU-1014,Roemmers,129,129,1037.43,133828.47,5,5.0,2024-02-13,2024-02-13,completada,True
OC-00419,2024-02-09,SKU-1013,Bagó,309,309,240.18,74215.62,3,3.0,2024-02-12,2024-02-12,completada,True
OC-00420,2024-02-09,SKU-1031,Bagó,77,77,1324.26,101968.02,4,4.0,2024-02-13,2024-02-13,completada,True
OC-00421,2024-02-09,SKU-1003,Bayer,275,275,1398.76,384659.0,7,7.0,2024-02-16,2024-02-16,completada,True
OC-00422,2024-02-10,SKU-1027,Bagó,224,224,2191.29,490848.96,6,6.0,2024-02-16,2024-02-16,completada,True
OC-00423,2024-02-10,SKU-1022,Roemmers,500,500,2186.65,1093325.0,5,5.0,2024-02-15,2024-02-15,completada,True
OC-00424,2024-02-10,SKU-1028,MK Pharma,425,425,2488.26,1057510.5,14,14.0,2024-02-24,2024-02-24,completada,True
OC-00425,2024-02-10,SKU-1029,Bagó,355,355,623.77,221438.35,8,8.0,2024-02-18,2024-02-18,completada,True
OC-00426,2024-02-13,SKU-1022,Roemmers,347,347,2186.65,758767.55,3,3.0,2024-02-16,2024-02-16,completada,True
OC-00427,2024-02-13,SKU-1006,Pfizer,287,287,1191.81,342049.47,7,7.0,2024-02-20,2024-02-20,completada,True
OC-00428,2024-02-13,SKU-1038,Roemmers,242,242,2103.19,508971.98,7,7.0,2024-02-20,2024-02-20,completada,True
OC-00429,2024-02-13,SKU-1019,Pfizer,164,164,2430.01,398521.64,11,11.0,2024-02-24,2024-02-24,completada,True
OC-00430,2024-02-16,SKU-1017,Roemmers,218,218,194.02,42296.36,5,5.0,2024-02-21,2024-02-21,completada,True
OC-00431,2024-02-16,SKU-1032,Bagó,153,153,1830.51,280068.03,6,6.0,2024-02-22,2024-02-22,completada,True
OC-00432,2024-02-16,SKU-1002,Bagó,186,186,306.74,57053.64,7,7.0,2024-02-23,2024-02-23,completada,True
OC-00433,2024-02-16,SKU-1000,Bagó,341,341,1627.41,554946.81,7,7.0,2024-02-23,2024-02-23,completada,True
OC-00434,2024-02-19,SKU-1014,Roemmers,266,266,1037.43,275956.38,4,4.0,2024-02-23,2024-02-23,completada,True
OC-00435,2024-02-19,SKU-1021,Roemmers,223,223,1178.01,262696.23,3,3.0,2024-02-22,2024-02-22,completada,True
OC-00436,2024-02-19,SKU-1007,Bagó,362,362,2087.16,755551.92,1,1.0,2024-02-20,2024-02-20,completada,True
OC-00437,2024-02-19,SKU-1006,Pfizer,360,294,1191.81,429051.6,7,8.0,2024-02-26,2024-02-27,completada,False
OC-00438,2024-02-19,SKU-1010,Roemmers,464,464,587.01,272372.64,5,5.0,2024-02-24,2024-02-24,completada,True
OC-00439,2024-02-26,SKU-1027,Bagó,341,341,2191.29,747229.89,6,6.0,2024-03-03,2024-03-03,completada,True
OC-00440,2024-02-26,SKU-1012,Investi,138,138,1957.92,270192.96,6,6.0,2024-03-03,2024-03-03,completada,True
OC-00441,2024-02-27,SKU-1036,MK Pharma,314,314,1165.64,366010.96,11,11.0,2024-03-09,2024-03-09,completada,True
OC-00442,2024-02-29,SKU-1006,Pfizer,123,123,1191.81,146592.63,9,9.0,2024-03-09,2024-03-09,completada,True
OC-00443,2024-02-29,SKU-1039,Roemmers,458,458,1244.89,570159.62,5,5.0,2024-03-05,2024-03-05,completada,True
OC-00444,2024-03-06,SKU-1009,Roemmers,437,437,752.7,328929.9,5,5.0,2024-03-11,2024-03-11,completada,True
OC-00445,2024-03-06,SKU-1003,Bayer,429,429,1398.76,600068.04,7,7.0,2024-03-13,2024-03-13,completada,True
OC-00446,2024-03-06,SKU-1038,Roemmers,172,172,2103.19,361748.68,5,5.0,2024-03-11,2024-03-11,completada,True
OC-00447,2024-03-09,SKU-1006,Pfizer,467,467,1191.81,556575.27,10,10.0,2024-03-19,2024-03-19,completada,True
OC-00448,2024-03-09,SKU-1025,MK Pharma,410,410,2204.78,903959.8,7,7.0,2024-03-16,2024-03-16,completada,True
OC-00449,2024-03-09,SKU-1019,Pfizer,348,348,2430.01,845643.48,12,12.0,2024-03-21,2024-03-21,completada,True
OC-00450,2024-03-09,SKU-1030,Bayer,267,267,1792.98,478725.66,9,9.0,2024-03-18,2024-03-18,completada,True
OC-00451,2024-03-09,SKU-1011,Bagó,494,494,672.44,332185.36,6,6.0,2024-03-15,2024-03-15,completada,True
OC-00452,2024-03-11,SKU-1021,Roemmers,483,483,1178.01,568978.83,5,5.0,2024-03-16,2024-03-16,completada,True
OC-00453,2024-03-12,SKU-1004,Investi,217,217,1102.73,239292.41,14,14.0,2024-03-26,2024-03-26,completada,True
OC-00454,2024-03-12,SKU-1022,Roemmers,252,252,2186.65,551035.8,5,5.0,2024-03-17,2024-03-17,completada,True
OC-00455,2024-03-12,SKU-1025,MK Pharma,454,454,2204.78,1000970.12,18,18.0,2024-03-30,2024-03-30,completada,True
OC-00456,2024-03-12,SKU-1017,Roemmers,381,381,194.02,73921.62,4,4.0,2024-03-16,2024-03-16,completada,True
OC-00457,2024-03-24,SKU-1004,Investi,70,70,1102.73,77191.1,17,17.0,2024-04-10,2024-04-10,completada,True
OC-00458,2024-03-24,SKU-1031,Bagó,319,319,1324.26,422438.94,1,1.0,2024-03-25,2024-03-25,completada,True
OC-00459,2024-03-24,SKU-1004,Investi,312,227,1102.73,344051.76,17,24.0,2024-04-10,2024-04-17,completada,False
OC-00460,2024-03-24,SKU-1039,Roemmers,457,457,1244.89,568914.73,2,2.0,2024-03-26,2024-03-26,completada,True
OC-00461,2024-03-24,SKU-1011,Bagó,215,215,672.44,144574.6,5,5.0,2024-03-29,2024-03-29,completada,True
OC-00462,2024-03-27,SKU-1021,Roemmers,97,97,1178.01,114266.97,5,5.0,2024-04-01,2024-04-01,completada,True
OC-00463,2024-03-27,SKU-1024,Bagó,307,307,350.72,107671.04,8,8.0,2024-04-04,2024-04-04,completada,True
OC-00464,2024-04-01,SKU-1028,MK Pharma,422,422,2488.26,1050045.72,19,19.0,2024-04-20,2024-04-20,completada,True
OC-00465,2024-04-01,SKU-1028,MK Pharma,77,77,2488.26,191596.02,19,19.0,2024-04-20,2024-04-20,completada,True
OC-00466,2024-04-04,SKU-1032,Bagó,55,55,1830.51,100678.05,6,6.0,2024-04-10,2024-04-10,completada,True
OC-00467,2024-04-05,SKU-1026,Roemmers,62,62,1369.15,84887.3,4,4.0,2024-04-09,2024-04-09,completada,True
OC-00468,2024-04-05,SKU-1017,Roemmers,484,484,194.02,93905.68,4,4.0,2024-04-09,2024-04-09,completada,True
OC-00469,2024-04-05,SKU-1036,MK Pharma,282,282,1165.64,328710.48,11,11.0,2024-04-16,2024-04-16,completada,True
OC-00470,2024-04-07,SKU-1030,Bayer,132,132,1792.98,236673.36,8,8.0,2024-04-15,2024-04-15,completada,True
OC-00471,2024-04-07,SKU-1007,Bagó,59,59,2087.16,123142.44,2,2.0,2024-04-09,2024-04-09,completada,True
OC-00472,2024-04-07,SKU-1024,Bagó,400,400,350.72,140288.0,7,7.0,2024-04-14,2024-04-14,completada,True
OC-00473,2024-04-11,SKU-1000,Bagó,196,196,1627.41,318972.36,4,4.0,2024-04-15,2024-04-15,completada,True
OC-00474,2024-04-11,SKU-1014,Roemmers,464,464,1037.43,481367.52,4,4.0,2024-04-15,2024-04-15,completada,True
OC-00475,2024-04-11,SKU-1007,Bagó,294,294,2087.16,613625.04,10,10.0,2024-04-21,2024-04-21,completada,True
OC-00476,2024-04-11,SKU-1011,Bagó,148,111,672.44,99521.12,8,13.0,2024-04-19,2024-04-24,completada,False
OC-00477,2024-04-13,SKU-1028,MK Pharma,185,141,2488.26,460328.1,10,15.0,2024-04-23,2024-04-28,completada,False
OC-00478,2024-04-13,SKU-1019,Pfizer,262,262,2430.01,636662.62,11,11.0,2024-04-24,2024-04-24,completada,True
OC-00479,2024-04-15,SKU-1035,Bagó,341,341,901.11,307278.51,5,5.0,2024-04-20,2024-04-20,completada,True
OC-00480,2024-04-15,SKU-1025,MK Pharma,474,474,2204.78,1045065.72,17,17.0,2024-05-02,2024-05-02,completada,True
OC-00481,2024-04-15,SKU-1031,Bagó,261,261,1324.26,345631.86,8,8.0,2024-04-23,2024-04-23,completada,True
OC-00482,2024-04-15,SKU-1034,Bayer,149,149,1210.2,180319.8,6,6.0,2024-04-21,2024-04-21,completada,True
OC-00483,2024-04-15,SKU-1008,Bagó,410,410,1680.26,688906.6,7,7.0,2024-04-22,2024-04-22,completada,True
OC-00484,2024-04-16,SKU-1032,Bagó,181,181,1830.51,331322.31,5,5.0,2024-04-21,2024-04-21,completada,True
OC-00485,2024-04-16,SKU-1037,Bayer,124,124,1152.38,142895.12,8,8.0,2024-04-24,2024-04-24,completada,True
OC-00486,2024-04-16,SKU-1012,Investi,217,217,1957.92,424868.64,17,17.0,2024-05-03,2024-05-03,completada,True
OC-00487,2024-04-16,SKU-1032,Bagó,305,305,1830.51,558305.55,3,3.0,2024-04-19,2024-04-19,completada,True
OC-00488,2024-04-21,SKU-1010,Roemmers,404,404,587.01,237152.04,3,3.0,2024-04-24,2024-04-24,completada,True
OC-00489,2024-04-21,SKU-1005,Elea,197,197,999.42,196885.74,7,7.0,2024-04-28,2024-04-28,completada,True
OC-00490,2024-04-24,SKU-1028,MK Pharma,267,267,2488.26,664365.42,10,10.0,2024-05-04,2024-05-04,completada,True
OC-00491,2024-04-24,SKU-1038,Roemmers,289,289,2103.19,607821.91,5,5.0,2024-04-29,2024-04-29,completada,True
OC-00492,2024-04-25,SKU-1006,Pfizer,241,241,1191.81,287226.21,13,13.0,2024-05-08,2024-05-08,completada,True
OC-00493,2024-04-25,SKU-1022,Roemmers,424,424,2186.65,927139.6,3,3.0,2024-04-28,2024-04-28,completada,True
OC-00494,2024-04-25,SKU-1036,MK Pharma,306,306,1165.64,356685.84,10,10.0,2024-05-05,2024-05-05,completada,True
OC-00495,2024-04-25,SKU-1036,MK Pharma,53,53,1165.64,61778.92,5,5.0,2024-04-30,2024-04-30,completada,True
OC-00496,2024-04-25,SKU-1001,Gador,397,397,1862.26,739317.22,7,7.0,2024-05-02,2024-05-02,completada,True
OC-00497,2024-04-28,SKU-1031,Bagó,478,478,1324.26,632996.28,1,1.0,2024-04-29,2024-04-29,completada,True
OC-00498,2024-04-28,SKU-1026,Roemmers,67,57,1369.15,91733.05,5,8.0,2024-05-03,2024-05-06,completada,False
OC-00499,2024-04-28,SKU-1032,Bagó,165,165,1830.51,302034.15,6,6.0,2024-05-04,2024-05-04,completada,True
OC-00500,2024-04-28,SKU-1002,Bagó,252,252,306.74,77298.48,11,11.0,2024-05-09,2024-05-09,completada,True
OC-00501,2024-04-28,SKU-1008,Bagó,193,193,1680.26,324290.18,8,8.0,2024-05-06,2024-05-06,completada,True
OC-00502,2024-05-03,SKU-1038,Roemmers,479,479,2103.19,1007428.01,5,5.0,2024-05-08,2024-05-08,completada,True
OC-00503,2024-05-03,SKU-1003,Bayer,274,252,1398.76,383260.24,8,14.0,2024-05-11,2024-05-17,completada,False
OC-00504,2024-05-03,SKU-1012,Investi,237,237,1957.92,464027.04,22,22.0,2024-05-25,2024-05-25,completada,True
OC-00505,2024-05-03,SKU-1023,Investi,320,320,470.95,150704.0,21,21.0,2024-05-24,2024-05-24,completada,True
OC-00506,2024-05-06,SKU-1032,Bagó,115,115,1830.51,210508.65,4,4.0,2024-05-10,2024-05-10,completada,True
OC-00507,2024-05-06,SKU-1027,Bagó,441,441,2191.29,966358.89,8,8.0,2024-05-14,2024-05-14,completada,True
OC-00508,2024-05-06,SKU-1026,Roemmers,227,227,1369.15,310797.05,4,4.0,2024-05-10,2024-05-10,completada,True
OC-00509,2024-05-06,SKU-1000,Bagó,106,106,1627.41,172505.46,3,3.0,2024-05-09,2024-05-09,completada,True
OC-00510,2024-05-06,SKU-1022,Roemmers,205,205,2186.65,448263.25,6,6.0,2024-05-12,2024-05-12,completada,True
OC-00511,2024-05-09,SKU-1027,Bagó,115,115,2191.29,251998.35,2,2.0,2024-05-11,2024-05-11,completada,True
OC-00512,2024-05-09,SKU-1001,Gador,255,255,1862.26,474876.3,7,7.0,2024-05-16,2024-05-16,completada,True
OC-00513,2024-05-13,SKU-1038,Roemmers,368,368,2103.19,773973.92,6,6.0,2024-05-19,2024-05-19,completada,True
OC-00514,2024-05-13,SKU-1022,Roemmers,456,456,2186.65,997112.4,5,5.0,2024-05-18,2024-05-18,completada,True
OC-00515,2024-05-15,SKU-1036,MK Pharma,480,480,1165.64,559507.2,13,13.0,2024-05-28,2024-05-28,completada,True
OC-00516,2024-05-15,SKU-1009,Roemmers,202,202,752.7,152045.4,4,4.0,2024-05-19,2024-05-19,completada,True
OC-00517,2024-05-15,SKU-1016,MK Pharma,330,330,956.03,315489.9,5,5.0,2024-05-20,2024-05-20,completada,True
OC-00518,2024-05-16,SKU-1009,Roemmers,359,359,752.7,270219.3,3,3.0,2024-05-19,2024-05-19,completada,True
OC-00519,2024-05-16,SKU-1039,Roemmers,203,203,1244.89,252712.67,6,6.0,2024-05-22,2024-05-22,completada,True
OC-00520,2024-05-20,SKU-1029,Bagó,213,213,623.77,132863.01,9,9.0,2024-05-29,2024-05-29,completada,True
OC-00521,2024-05-20,SKU-1026,Roemmers,453,453,1369.15,620224.95,5,5.0,2024-05-25,2024-05-25,completada,True
OC-00522,2024-05-20,SKU-1005,Elea,434,434,999.42,433748.28,4,4.0,2024-05-24,2024-05-24,completada,True
OC-00523,2024-05-21,SKU-1038,Roemmers,425,425,2103.19,893855.75,5,5.0,2024-05-26,2024-05-26,completada,True
OC-00524,2024-05-21,SKU-1023,Investi,316,316,470.95,148820.2,17,17.0,2024-06-07,2024-06-07,completada,True
OC-00525,2024-05-21,SKU-1039,Roemmers,250,250,1244.89,311222.5,6,6.0,2024-05-27,2024-05-27,completada,True
OC-00526,2024-05-21,SKU-1035,Bagó,162,162,901.11,145979.82,9,9.0,2024-05-30,2024-05-30,completada,True
OC-00527,2024-05-22,SKU-1007,Bagó,499,499,2087.16,1041492.84,7,7.0,2024-05-29,2024-05-29,completada,True
OC-00528,2024-05-25,SKU-1035,Bagó,487,487,901.11,438840.57,6,6.0,2024-05-31,2024-05-31,completada,True
OC-00529,2024-05-26,SKU-1024,Bagó,105,105,350.72,36825.6,7,7.0,2024-06-02,2024-06-02,completada,True
OC-00530,2024-05-26,SKU-1008,Bagó,481,481,1680.26,808205.06,4,4.0,2024-05-30,2024-05-30,completada,True
OC-00531,2024-05-26,SKU-1026,Roemmers,392,392,1369.15,536706.8,6,6.0,2024-06-01,2024-06-01,completada,True
OC-00532,2024-05-26,SKU-1014,Roemmers,238,238,1037.43,246908.34,5,5.0,2024-05-31,2024-05-31,completada,True
OC-00533,2024-06-01,SKU-1034,Bayer,113,113,1210.2,136752.6,6,6.0,2024-06-07,2024-06-07,completada,True
OC-00534,2024-06-01,SKU-1039,Roemmers,142,142,1244.89,176774.38,6,6.0,2024-06-07,2024-06-07,completada,True
OC-00535,2024-06-01,SKU-1006,Pfizer,175,128,1191.81,208566.75,7,12.0,2024-06-08,2024-06-13,completada,False
OC-00536,2024-06-01,SKU-1033,Investi,456,377,540.79,246600.24,7,11.0,2024-06-08,2024-06-12,completada,False
OC-00537,2024-06-01,SKU-1001,Gador,115,115,1862.26,214159.9,8,8.0,2024-06-09,2024-06-09,completada,True
OC-00538,2024-06-02,SKU-1038,Roemmers,326,326,2103.19,685639.94,5,5.0,2024-06-07,2024-06-07,completada,True
OC-00539,2024-06-02,SKU-1006,Pfizer,170,170,1191.81,202607.7,7,7.0,2024-06-09,2024-06-09,completada,True
OC-00540,2024-06-02,SKU-1035,Bagó,294,294,901.11,264926.34,8,8.0,2024-06-10,2024-06-10,completada,True
OC-00541,2024-06-03,SKU-1008,Bagó,100,100,1680.26,168026.0,7,7.0,2024-06-10,2024-06-10,completada,True
OC-00542,2024-06-03,SKU-1036,MK Pharma,171,159,1165.64,199324.44,11,14.0,2024-06-14,2024-06-17,completada,False
OC-00543,2024-06-03,SKU-1029,Bagó,170,170,623.77,106040.9,3,3.0,2024-06-06,2024-06-06,completada,True
OC-00544,2024-06-03,SKU-1019,Pfizer,93,93,2430.01,225990.93,9,9.0,2024-06-12,2024-06-12,completada,True
OC-00545,2024-06-07,SKU-1004,Investi,163,163,1102.73,179744.99,16,16.0,2024-06-23,2024-06-23,completada,True
OC-00546,2024-06-08,SKU-1004,Investi,458,458,1102.73,505050.34,4,4.0,2024-06-12,2024-06-12,completada,True
OC-00547,2024-06-08,SKU-1011,Bagó,54,54,672.44,36311.76,7,7.0,2024-06-15,2024-06-15,completada,True
OC-00548,2024-06-08,SKU-1030,Bayer,147,147,1792.98,263568.06,6,6.0,2024-06-14,2024-06-14,completada,True
OC-00549,2024-06-11,SKU-1023,Investi,449,449,470.95,211456.55,18,18.0,2024-06-29,2024-06-29,completada,True
OC-00550,2024-06-11,SKU-1007,Bagó,480,480,2087.16,1001836.8,5,5.0,2024-06-16,2024-06-16,completada,True
OC-00551,2024-06-11,SKU-1013,Bagó,128,128,240.18,30743.04,7,7.0,2024-06-18,2024-06-18,completada,True
OC-00552,2024-06-11,SKU-1034,Bayer,325,325,1210.2,393315.0,6,6.0,2024-06-17,2024-06-17,completada,True
OC-00553,2024-06-11,SKU-1014,Roemmers,405,405,1037.43,420159.15,4,4.0,2024-06-15,2024-06-15,completada,True
OC-00554,2024-06-16,SKU-1023,Investi,328,328,470.95,154471.6,5,5.0,2024-06-21,2024-06-21,completada,True
OC-00555,2024-06-16,SKU-1018,MK Pharma,300,300,233.74,70122.0,10,10.0,2024-06-26,2024-06-26,completada,True
OC-00556,2024-06-16,SKU-1035,Bagó,464,464,901.11,418115.04,6,6.0,2024-06-22,2024-06-22,completada,True
OC-00557,2024-06-16,SKU-1036,MK Pharma,364,364,1165.64,424292.96,16,,2024-07-02,,pendiente,True
OC-00558,2024-06-18,SKU-1010,Roemmers,345,345,587.01,202518.45,4,4.0,2024-06-22,2024-06-22,completada,True
OC-00559,2024-06-18,SKU-1023,Investi,424,424,470.95,199682.8,14,,2024-07-02,,pendiente,True
OC-00560,2024-06-18,SKU-1009,Roemmers,102,102,752.7,76775.4,4,4.0,2024-06-22,2024-06-22,completada,True
OC-00561,2024-06-18,SKU-1009,Roemmers,422,422,752.7,317639.4,5,5.0,2024-06-23,2024-06-23,completada,True
OC-00562,2024-06-18,SKU-1039,Roemmers,250,250,1244.89,311222.5,4,4.0,2024-06-22,2024-06-22,completada,True
OC-00563,2024-06-25,SKU-1026,Roemmers,195,195,1369.15,266984.25,4,4.0,2024-06-29,2024-06-29,completada,True
